id,name,encyclopedia,effectElements,anchorElements
4769,Blazing Arrow,FIRE,FIRE,FIRE
4809,Storm Arrow,AIR,AIR,AIR
4810,Retreat Arrow,AIR,AIR,AIR
4811,Plaguing Arrow,AIR,AIR,AIR
4812,Static Arrow,AIR,AIR,AIR
4813,Homing Arrow,AIR,AIR,AIR
4814,Destructive Arrow,EARTH,EARTH,EARTH
4815,Piercing Arrow,EARTH,,
4816,Lashing Arrow,EARTH,EARTH,EARTH
4817,Raining Arrows,EARTH,EARTH,EARTH
4818,Riddling Arrow,EARTH,EARTH,EARTH
4819,Explosive Arrow,FIRE,FIRE,FIRE
4820,Fulminating Arrow,FIRE,FIRE,FIRE
4821,Flaming Arrow,FIRE,FIRE,FIRE
4822,Burning Arrow,FIRE,FIRE,FIRE
2041,Heads or Tails,EARTH,EARTH,EARTH
2042,D-Six,FIRE,FIRE,FIRE
2043,All or Nothing,EARTH,EARTH,EARTH
2044,Three Cards,EARTH,EARTH,EARTH
2045,Craps,FIRE,FIRE,FIRE
2046,Yowling,FIRE,FIRE,FIRE
2047,All In,EARTH,EARTH,EARTH
2048,Dice Roulette,FIRE,FIRE,FIRE
2049,Battle,EARTH,EARTH,EARTH
2050,Loaded Dice,FIRE,FIRE,FIRE
2061,Felintuition,LIGHT,,
2065,Rough Tongue,WATER,WATER,WATER
2066,Up to Scratch,WATER,WATER,WATER
2067,Fleahopper,WATER,,
2072,Paws Off,WATER,WATER,WATER
2073,Fleeflee,WATER,WATER,WATER
4668,Ardent Aegis,EARTH,EARTH,EARTH
4669,Deafening Targe,EARTH,EARTH,EARTH
4670,Earthquake,EARTH,EARTH,EARTH
4671,Hiding,EARTH,EARTH,EARTH
4680,Whirlwind,WATER,WATER,WATER
4685,Incandescence,LIGHT,LIGHT,LIGHT
4691,Wakmeha,WATER,WATER,WATER
4692,Pulsation,WATER,WATER,WATER
4693,Flood,WATER,WATER,WATER
4694,Cataclysm,WATER,WATER,WATER
4695,Clash,EARTH,EARTH,EARTH
4697,Torrential Flux,AIR,AIR,AIR
4698,Siphon,AIR,AIR,AIR
4699,Ethereal Burst,AIR,AIR,AIR
4700,Tempest,AIR,AIR,AIR
4701,Unleashed Blade,AIR,AIR,AIR
623,Cross-Airs,AIR,AIR,AIR
625,Regeneration,WATER,WATER,WATER
630,Anatomy,AIR,AIR,AIR
636,Corrosive Heal,FIRE,FIRE,FIRE
645,Heal-splosion,FIRE,FIRE,FIRE
779,Healing Word,WATER,WATER,WATER
780,Revitalization,WATER,WATER,WATER
1532,Infusion,WATER,WATER,WATER
1533,Invigoration,WATER,WATER,WATER
1534,Purifying Flame,FIRE,FIRE,FIRE
1540,Psychosis,AIR,AIR,AIR
1541,Lethargy,AIR,AIR,AIR
1542,Infected Flask,AIR,AIR,AIR
2008,Shovel of Judgment,EARTH,EARTH,EARTH
2010,Killer Spade,EARTH,EARTH,EARTH
2011,Shovel Kiss,EARTH,EARTH,EARTH
2012,Shady Shovel,EARTH,EARTH,EARTH
2013,Shovel Shaker,EARTH,EARTH,EARTH
2014,Cutting,WATER,WATER,WATER
2015,Rascalry,WATER,WATER,WATER
2016,Tax,WATER,WATER,WATER
2017,Refinement,WATER,WATER,WATER
2018,Fusion,FIRE,FIRE,FIRE
2019,Meteor,FIRE,FIRE,FIRE
2021,Ember,FIRE,FIRE,FIRE
2022,Hot Magma,FIRE,FIRE,FIRE
2032,Purge,WATER,WATER,WATER
2037,Firedamp Explosion,FIRE,FIRE,FIRE
6967,Fecastopheles,FIRE,FIRE,FIRE
6968,Meteorite,FIRE,FIRE,FIRE
6969,Natural Attack,FIRE,FIRE,FIRE
6970,Magma,FIRE,FIRE,FIRE
6971,Volcano,FIRE,FIRE,FIRE
6972,Drip,WATER,WATER,WATER
6974,Avalanche,WATER,WATER,WATER
6975,Storm,WATER,WATER,WATER
6976,Crashing Wave,WATER,WATER,WATER
6977,Telluric Whack,EARTH,EARTH,EARTH
6978,Defensive Orb,EARTH,EARTH,EARTH
6979,Bastion,EARTH,EARTH,EARTH
6980,Rampart,EARTH,EARTH,EARTH
6981,Staff,EARTH,EARTH,EARTH
5561,Resonance,LIGHT,LIGHT,LIGHT
5562,Energy Flux,FIRE,FIRE,FIRE
5563,Light of Dawn,FIRE,FIRE,FIRE
5564,Downpour,WATER,WATER,WATER
5565,Walloping,WATER,WATER,WATER
5566,Vestige,WATER,WATER,WATER
5567,Rock Slide,EARTH,EARTH,EARTH
5568,Backband,EARTH,EARTH,EARTH
5569,Rift,EARTH,EARTH,EARTH
5570,Diurnal Butterflies,AIR,AIR,AIR
5571,Luminescent Disc,FIRE,FIRE,FIRE
5572,Dancing Shadows,AIR,AIR,AIR
5590,Shiny Orbs,LIGHT,LIGHT,LIGHT
5591,Twilight Beam,LIGHT,LIGHT,LIGHT
5592,Glistening Halo,LIGHT,,
5593,Glistening Tears,LIGHT,LIGHT,LIGHT
5594,Light Arrow,LIGHT,LIGHT,LIGHT
5595,Light Sword,LIGHT,LIGHT,LIGHT
5596,Mirage,AIR,AIR,AIR
5597,Moonbeam,LIGHT,LIGHT,LIGHT
4775,Thunderbolt,FIRE,FIRE,FIRE
4776,Judgment,FIRE,FIRE,FIRE
4777,Super Iop Punch,FIRE,FIRE,FIRE
4778,Celestial Sword,FIRE,FIRE,FIRE
4779,Iop's Wrath,FIRE,FIRE,FIRE
4780,Shaker,EARTH,EARTH,EARTH
4781,Rocknoceros,EARTH,EARTH,EARTH
4782,Cleaver,EARTH,EARTH,EARTH
4783,Charge,EARTH,EARTH,EARTH
4784,Devastate,EARTH,EARTH,EARTH
4785,Jabs,AIR,AIR,AIR
4786,Flurry,AIR,AIR,AIR
4787,Wallop,AIR,AIR,AIR
4788,Pounding,AIR,AIR,AIR
4789,Sword of Iop,AIR,AIR,AIR
4792,Stance,FIRE,,
7307,Incendiary Crow,FIRE,FIRE,FIRE
7308,Flaming Whip,FIRE,FIRE,FIRE
7309,Flame Tornado,FIRE,FIRE,FIRE
7310,Fanning,FIRE,FIRE,FIRE
7311,Dragon's Breath,FIRE,FIRE|PHYSICAL,FIRE
7312,Sandstorm,EARTH,EARTH,EARTH
7313,Gravity,EARTH,EARTH,EARTH
7314,Impalement,EARTH,EARTH,EARTH
7315,Gambol,EARTH,EARTH,EARTH
7316,Crackler Punch,EARTH,EARTH,EARTH
7317,Whip,AIR,AIR,AIR
7318,Plucking,AIR,AIR,AIR
7319,Transfer,AIR,AIR,AIR
7320,Repulsive Breath,AIR,AIR,AIR
7321,Feather Tornado,AIR,AIR,AIR
6256,Weigh Down,WATER,WATER,WATER
6257,Flail,WATER,WATER,WATER
6258,Rupture,WATER,WATER,WATER
6259,Gash,WATER,WATER,WATER
6260,Ruckus,WATER,WATER,WATER
6261,Fang in the Works,EARTH,EARTH,EARTH
6262,Crosshatch,EARTH,EARTH,EARTH
6263,Brawl,EARTH,EARTH,EARTH
6264,Fits and Starts,EARTH,EARTH,EARTH
6265,Watchdog,EARTH,EARTH,EARTH
6266,Sweeping,AIR,AIR,AIR
6267,Contusion,AIR,AIR,AIR
6268,Big Dog,AIR,AIR,AIR
6269,Bone-Breaker,AIR,AIR,AIR
6270,Pugnacity,AIR,AIR,AIR
6279,Sniff,LIGHT,,
6282,Wise Strength,LIGHT,,
4702,Flaming Burp,FIRE,FIRE,FIRE
4703,Light My Fire,FIRE,FIRE,FIRE
4704,Dairy Springer,FIRE,FIRE,FIRE
4705,Explosive Flask,FIRE,FIRE,FIRE
4706,Milking It,FIRE,FIRE,FIRE
4707,Milky Breath,WATER,WATER,WATER
4708,Splash of Milk,WATER,WATER,WATER
4709,Bubble Trouble,WATER,WATER,WATER
4710,Milk Wave,WATER,WATER,WATER
4711,Milk Fountain,WATER,WATER,WATER
4712,Triple Whammy,EARTH,EARTH,EARTH
4713,Six Roses,EARTH,EARTH,
4714,Barrel Blow,EARTH,EARTH,EARTH
4715,Lactic Acid,EARTH,EARTH,
4716,Blisskrieg,EARTH,EARTH,EARTH
6463,Barbed Fire,FIRE,FIRE,FIRE
6464,Sticky Bomb,FIRE,FIRE,
6465,Execution,FIRE,FIRE,FIRE
6466,Crosswise,FIRE,FIRE,FIRE
6467,Perforation,FIRE,FIRE,FIRE
6468,Machine Gun,EARTH,EARTH,EARTH
6469,Blunderbuss,EARTH,EARTH,EARTH
6470,Encumbering Shot,EARTH,EARTH,EARTH
6471,Boomerang Dagger,EARTH,EARTH,EARTH
6472,Pulsar,EARTH,EARTH,EARTH
6473,Slap Shot,AIR,AIR,AIR
6474,Cheating,AIR,AIR,AIR
6475,Carbine,AIR,AIR,AIR
6476,Obliteration,AIR,AIR,
6478,Longsword,AIR,AIR,AIR
6491,Evanescence,LIGHT,LIGHT,LIGHT
5028,Blood Rush,FIRE,FIRE,FIRE
5029,Cage of Blood,FIRE,FIRE,FIRE
5030,Attraction,FIRE,FIRE,FIRE
5031,Burning Blood,FIRE,FIRE,FIRE
5032,Punition,FIRE,FIRE,FIRE
5033,Rocky Foot,EARTH,EARTH,EARTH
5034,Spiritual Tempest,AIR,AIR,AIR
5035,Insanity,EARTH,EARTH,EARTH
5036,Smashes,EARTH,EARTH,EARTH
5037,Colonnades,EARTH,EARTH,EARTH
5038,Aversion,AIR,AIR,AIR
5039,Sacrier's Fist,EARTH,EARTH,EARTH
5040,Assault,AIR,AIR,AIR
5041,Motion Sickness,AIR,AIR,
5042,Light Speed,AIR,AIR,AIR
918,Sadida's Tear,WATER,WATER,WATER
919,Poisoned Wind,AIR,,
921,Vaporize,WATER,AIR|WATER,WATER
922,Drain,WATER,WATER,WATER
925,Bramble,EARTH,EARTH|WATER,EARTH
927,Wild Grass,EARTH,EARTH,EARTH
928,Sudden Chill,AIR,AIR,AIR
929,Compost,EARTH,EARTH,EARTH
930,Mudoll,WATER,WATER,WATER
931,Rust,WATER,WATER,WATER
932,Woodland Stench,AIR,AIR,AIR
933,Explodoll,LIGHT,,
934,K'mir,AIR,AIR,AIR
935,Earthquake,EARTH,EARTH,EARTH
937,Manifold Bramble,EARTH,EARTH,EARTH
938,Gust,AIR,AIR,AIR
4579,Scam,WATER,WATER,WATER
4581,Deadly Attack,WATER,WATER,WATER
4583,Lethal Attack,WATER,WATER,WATER
4584,Kleptosram,WATER,WATER,WATER
4585,Perfidious Attack,WATER,WATER,WATER
4586,Execution,FIRE,FIRE,FIRE
4587,Bled Dry,FIRE,FIRE,FIRE
4588,First Blood,FIRE,FIRE,FIRE
4589,Punishment,FIRE,FIRE,FIRE
4590,Cold Blood,FIRE,FIRE,FIRE
4592,Trauma,AIR,AIR,AIR
4593,Tricky Blow,AIR,AIR,AIR
4594,Forceful Blow,AIR,AIR,AIR
4595,Wily,AIR,AIR,AIR
4596,Fright,AIR,AIR,AIR
5122,Ambush,LIGHT,,
5123,Bloody Blade,LIGHT,,
6902,Blazing Fire,FIRE,FIRE|STASIS,FIRE|STASIS
6903,Fire Thrower,FIRE,FIRE|STASIS,FIRE|STASIS
6904,Charring,FIRE,FIRE|STASIS,FIRE|STASIS
6905,Flambé,FIRE,FIRE|STASIS,FIRE|STASIS
6906,Scuttle,FIRE,FIRE|STASIS,
6907,Current,WATER,STASIS|WATER,STASIS|WATER
6908,Evaporation,WATER,STASIS|WATER,STASIS|WATER
6909,Froth,WATER,STASIS|WATER,STASIS|WATER
6910,Pilfer,WATER,STASIS|WATER,STASIS|WATER
6911,Dissolution,WATER,STASIS|WATER,STASIS|WATER
6912,Pummel,EARTH,EARTH|STASIS,EARTH|STASIS
6913,Trampling,EARTH,EARTH|STASIS,EARTH|STASIS
6914,Bombardment,EARTH,EARTH|STASIS,EARTH|STASIS
6915,Hammer Claw,EARTH,EARTH|STASIS,EARTH|STASIS
6916,Shebang,EARTH,EARTH|STASIS,
6918,Hypertension,LIGHT,LIGHT|STASIS,LIGHT|STASIS
6937,Activation,FIRE,,
6940,Hot Wheels,LIGHT,,
749,Hammhour,WATER,LIGHT|WATER,WATER
750,Disruption,FIRE,FIRE,FIRE
751,Suspension,FIRE,FIRE,FIRE
752,Dark Bolt,FIRE,FIRE,FIRE
753,Dust,FIRE,FIRE,FIRE
754,Hand,FIRE,FIRE,FIRE
763,Clock,WATER,,
765,Tempus Fugit,AIR,AIR,AIR
766,Cog,LIGHT,LIGHT,LIGHT
767,Underhand,AIR,AIR,AIR
771,Spontaneous Return,AIR,AIR,AIR
772,Symmetry,AIR,AIR,AIR
775,Slow Down,WATER,WATER,WATER
783,Sandglass,WATER,WATER,
1417,Desynchronization,WATER,WATER,WATER
1418,Paradox,AIR,AIR,AIR
7187,Violent Omens,LIGHT,,
7195,Shriveling,LIGHT,,
7066,Whipkick,FIRE,FIRE,FIRE
7067,Fracture,FIRE,FIRE,FIRE
7068,Unhinging,FIRE,FIRE,FIRE
7069,Neurosis,FIRE,FIRE,FIRE
7070,Capering,FIRE,FIRE,FIRE
7071,Sign,WATER,WATER,WATER
7073,Deliverance,WATER,WATER,WATER
7074,Manhunt,WATER,WATER,WATER
7075,Sarabande,WATER,WATER,WATER
7076,Fugue,AIR,AIR,AIR
7077,Pursuit,AIR,AIR,AIR
7078,Somersault,AIR,AIR,AIR
7079,Cavalcade,AIR,AIR,AIR
7080,Dislocation,AIR,AIR,AIR
