spellId,rootEffectIds,traversalEffectIds
623,"[167363,167675,167676,167365]","[167363,167675,167676,167365]"
625,"[367703,367697]","[367703,367704,367705,367519,370031,367520,367706,367707,367521,367708,367697,367698,367699,166952,370030,166949,367700,367701,167884,367702]"
630,"[367522,367525]","[367522,367523,367524,367525,367526,367527]"
636,"[167704,167598,167600,167706]","[167704,167598,167600,167706]"
645,"[367430,167592]","[367430,367431,367432,167592,167591,167590]"
749,"[314223,314218]","[314223,164751,164755,314224,314698,314225,314355,314226,314227,314218,9448,135258,33670,33669,135259,135260,135261,135262,164347,314219,314697,314220,314354,314221,314222]"
750,"[348705,348703]","[348705,99030,348706,348703,6063,289601,289603,289604,289605,289606,289607,289610,289612,289617,289618,289619,289620,289621,289979,289980,289981,289613,289614,289615,289616,348704]"
751,"[348446,348439]","[348446,348447,413423,413424,413849,413425,348448,348449,413417,348450,348445,99036,348439,348440,413420,413421,413848,413422,348441,348442,413416,348443,348444,98117]"
752,"[312661,312667,314353]","[312661,312662,314942,314641,314647,314642,314643,313405,312667,312668,314943,314944,314945,314946,314947,314948,314353]"
753,"[39002,98337,99415,39287]","[39002,98337,99415,39287]"
754,"[98124,99040]","[98124,99040]"
763,"[312699,316124]","[312699,312707,9438,312706,316123,316154,316124,316125,164736,316126,316127,316155]"
765,"[413027,413040]","[413027,413028,46617,314448,348641,314449,348626,348675,348678,348679,348676,348677,413026,413029,413053,413030,413031,413032,413073,413033,413035,413036,413050,413040,413041,99442,348680,348681,348682,348683,348684,348685,348686,348687,348688,413043,413054,413044,413045,413046,413074,413047,413048,413049,413051]"
766,"[164235,356044]","[164235,351622,164237,313649,163839,356044]"
767,"[46604,164758,316140,316132]","[46604,164758,316140,316141,413016,413017,316142,316143,316144,316145,351637,316146,316147,413018,413019,413020,413021,413022,413023,413024,413025,316132,316135,413006,413014,316133,316134,316137,316138,351636,316139,316136,413015,413007,413008,413009,413010,413011,413012,413013]"
771,"[349426,349428]","[349426,46629,349427,349412,349413,349414,349415,349416,349417,349428,99084,349429,349418,349419,349420,349421,349422,349423]"
772,"[353294,353309,353346,353348]","[353294,353295,353296,408988,353300,353298,353339,353340,353301,353302,353303,408989,353304,353308,353305,353306,353307,353341,353309,353310,353311,408990,353312,353313,353342,353344,353314,353315,353316,408991,353317,353318,353319,353320,353321,353343,353346,353347,353348,353349]"
775,"[164301,164722,312696,312693]","[164301,164722,312696,312697,312698,312693,312694,312695]"
779,"[367668,367674]","[367668,367669,367670,166939,167880,367671,367672,166940,367673,367674,367675,367676,166941,167881,367677,367678,166942,367680]"
780,"[367646,367647]","[367646,367506,367693,168403,166910,167882,367507,367694,367508,367509,367510,367647,367511,367695,367512,367513,367514,367515,367696,367516,367517,367518]"
783,"[4711,164712]","[4711,146013,146014,146500,146337,417185,146015,417186,417187,417188,146017,146657,417189,417190,417191,417192,417193,417196,417197,417198,417199,417200,417201,417202,417203,417204,417205,417206,417207,417208,417209,417210,417211,189448,417212,417213,417194,417195,164712]"
918,"[377809,377811]","[377809,378540,377772,378501,377801,377773,378608,378481,377774,377775,377973,377810,7642,343587,343588,343589,343590,343577,343591,343592,343593,343594,344389,343578,343595,343596,343597,343598,343579,343603,343581,343580,343604,58666,165181,377811,378541,377776,378502,377802,377777,378609,378482,377778,377779,377979,377812,36438,89997,165182]"
919,"[156042,156043,380037,380038]","[156042,156043,380037,380038]"
921,"[377805,377807]","[377805,378538,377761,378500,377799,377762,378606,378479,377763,377764,377927,377806,8011,367271,373505,373511,373506,373507,373508,373509,373510,373512,373513,373514,373515,373516,161444,394965,394966,394967,394968,394969,394970,394971,394972,377807,378539,377765,378499,377800,377766,378607,378480,377767,377768,377929,377808,377769,377770,394973,394974,394975,394976,394977,394978,394979,394980]"
922,"[36117,90080,90079,90082,167872]","[36117,90080,90079,90082,167872]"
925,"[377830,377828]","[377830,378545,377832,378506,377836,377833,378613,378486,377834,377835,377987,377831,5664,176251,176257,176252,176255,176253,176254,176256,176306,176307,176308,176309,176310,176311,176312,266829,179293,266830,179286,179294,179295,179296,179297,179298,179299,179287,179288,179289,179290,179291,179292,300635,300636,300637,300638,377828,378544,377823,378505,377827,377824,378612,378485,377825,377826,377985,377829,5602,174977,174978,162453,300632,300633,300634]"
927,"[377956,377964]","[377956,378548,377957,378509,377963,377958,378616,378489,377959,377960,377962,377938,377939,377988,377941,377942,377943,377940,377944,242955,242956,242958,36107,377964,378549,377965,378510,377971,377966,378617,378490,377967,377968,377970,377945,377946,377989,377948,377949,377950,377947,377951,377953,377954,377955,377952]"
928,"[378037,378046]","[378037,378552,378038,378513,378044,378039,378620,378493,378040,378041,378043,378045,36119,36118,378046,378553,378047,378514,378053,378048,378621,378494,378049,378050,378052,378054,162005,90126]"
929,"[377844,377837]","[377844,378547,377845,378508,377849,377846,378615,378488,377847,377848,377977,377850,91729,91730,91731,91728,300643,300644,300645,300646,378594,156206,377837,378546,377839,378507,377843,377840,378614,378487,377841,377842,377975,377838,90222,90223,90224,58670,300639,300640,300641,300642,378593,156205]"
930,"[377815,377813]","[377815,378543,377788,378504,377804,377789,378611,378484,377790,377791,377983,377816,377793,377792,90003,377813,378542,377783,378503,377803,377784,378610,378483,377785,377786,377981,377814,377782,377781,7613,341788,341789,341790,341791,341792,341793]"
931,"[58672,169749,155694,169750]","[58672,169749,155694,169750]"
932,"[377991,378000]","[377991,378550,377992,378511,377998,377993,378618,378491,377994,377995,377997,377999,36110,393074,165452,378000,378551,378001,378512,378007,378002,378619,378492,378003,378004,378006,378008,161461,393075,165453]"
933,[379634],[379634]
934,"[378057,378065,160669]","[378057,378554,378058,378515,378064,378059,378622,378495,378060,378061,378063,160666,160665,160060,160061,160062,160085,160040,36401,378065,378555,378066,378516,378072,378067,378623,378496,378068,378069,378071,160667,160668,160086,160087,160088,160089,160090,90144,160669]"
935,"[90241,156220,378024,378026,378011,378012,379426,379413]","[90241,156220,378024,378025,378026,378027,378011,378012,379426,379427,379428,379429,379430,379431,379432,379433,379434,379435,379436,379437,379438,379413,379414,379415,379416,379417,379418,379419,379420,379421,379422,379423,379424,379425]"
937,"[163042,163043,6874,91091]","[163042,163043,6874,316696,293312,293310,316698,293313,293311,293307,293306,91091]"
938,"[378073,378082]","[378073,378556,378074,378517,378080,378075,378624,378497,378076,378077,378079,378081,36341,165005,156118,378082,378557,378083,378518,378089,378084,378625,378498,378085,378086,378088,378090,90167,165006,156119]"
1417,"[348535,348544]","[348535,348536,348537,348538,348539,348540,348541,348542,348543,41437,164209,348544,348545,348546,348547,348548,348549,348550,348551,348552,312721,312722]"
1418,"[312727,312934,312975,98188,312808,312996]","[312727,312728,312766,312729,312767,312768,312730,312769,312731,312770,312771,312732,312775,312733,312776,312777,312734,312778,312735,312779,312780,312736,312781,312737,312782,312783,312738,312784,312739,312785,312786,312740,312787,312741,312788,312789,312742,312790,312743,312791,312792,312934,312935,312936,312937,312938,312939,312940,312941,312942,312943,312944,312945,312946,312947,312948,312949,312950,312951,312952,312953,312954,312955,312956,312957,312958,312959,312960,312961,312962,312963,312964,312965,312966,312967,312968,312969,312970,312971,312972,312973,312974,312975,312976,312977,312978,312979,312980,312981,312982,312983,312984,312985,312986,312987,312988,312989,312990,312991,312992,312993,312994,312995,98188,312744,312745,312746,312747,312748,312793,312794,312795,312796,312797,312798,312799,312800,312801,312802,312803,312804,312805,312806,312807,312808,312996]"
1532,"[367681,367687]","[367681,367682,367683,166943,367498,367499,367500,367684,367685,166944,367686,367687,367688,367689,367501,367502,367503,367504,367690,367691,367505,367692]"
1533,"[367641,367662]","[367641,367659,367660,166935,367494,367495,367661,367642,166936,367643,367662,367663,367664,166937,367496,367497,367665,367666,166938,367667]"
1534,"[367650,367649]","[367650,367470,367471,367472,367473,367466,367467,367468,367469,367649,367462,367463,367464,367465,367461,168318,167602,167604]"
1540,"[166967,167686,367528,367530,367529,367531]","[166967,167686,367528,367530,367529,367531]"
1541,"[367638,367639]","[367638,166990,367543,367544,367545,367639,167665,367546,367547,367548]"
1542,"[367536,367539,168407,367542]","[367536,367537,367538,367539,367540,367541,168407,367542]"
2008,"[384964,384968]","[384964,241983,384965,384966,384967,384968,384969,384970,384971,384972]"
2010,"[384980,384981]","[384980,384974,384975,384976,241977,384981,384977,384978,384979,242378]"
2011,"[385333,385334,241993,241995]","[385333,254933,385968,385334,385336,385969,241993,241995]"
2012,"[384990,384982,385960,385961]","[384990,385952,384991,384992,384993,385953,385954,385955,384994,384995,385337,385956,384982,385946,384984,384989,384985,385947,385948,385949,384986,384987,384988,385950,385960,385961]"
2013,"[36828,255073,386033,386037]","[36828,255073,386033,386034,386043,386044,386036,386037,386038,386047,386048,386040]"
2014,"[385319,254912]","[385319,385320,385321,385322,385323,385324,254917,254918,385325,254912,385313,385314,385315,385316,385318,254913,254914,385317]"
2015,"[159555,36836,384864,385973,384867,385970]","[159555,36836,384864,384865,384866,385973,385974,385975,384867,384868,384869,385970,385971,385972]"
2016,"[243408,243449,254920,254923]","[243408,243449,254920,254921,254922,254923,254924,254925]"
2017,"[385326,385327,385329,254928]","[385326,385330,241864,385327,385328,241873,385329,254928]"
2018,"[384923,384926,386107,386113]","[384923,385276,386223,386224,385277,385278,385279,385280,385281,385282,385283,385284,386029,386030,395102,384924,384926,385287,386225,386226,385288,385289,385290,385291,385292,385293,385294,385295,386031,386032,395103,384927,386107,386219,386108,386109,386110,386111,386112,386113,386220,386114,386115,386116,386117,386118]"
2019,"[384870,384888]","[384870,384872,384873,384874,384875,384876,384877,384878,384879,384880,384881,384882,384883,384884,384885,384886,384887,385820,385822,395105,384871,384888,384890,384891,384892,384893,384894,384895,384896,384897,384898,384899,384900,384901,384902,384903,384904,384905,385821,385823,395106,384889]"
2021,"[384930,384931]","[384930,384931]"
2022,"[384915,384917]","[384915,385537,242186,254904,384916,384920,385355,384917,385538,242349,384918,384919,384921,385356]"
2032,"[384954,384951]","[384954,385304,385305,385346,385306,385307,386222,386028,394283,385309,385310,385347,385311,385312,384951,384952,384953,385344,385298,385299,386221,386027,394282,385300,385301,385345,385302,385303]"
2037,"[384912,384911,384913,384914]","[384912,384911,384913,384914]"
2041,"[367226,367231,367228,367234]","[367226,160720,367227,367231,367232,367233,367228,160722,371428,371429,359229,367229,371430,371431,367230,367234,367235,371432,371433,367236,367237,371434,371435,367238]"
2042,"[360675,360676,367223,367225]","[360675,360676,367223,367225]"
2043,"[160786,160790,374309,374312]","[160786,412844,412859,165532,160779,160790,412846,412861,165533,160780,374309,412845,412860,374311,374310,374312,412847,412862,374314,374313]"
2044,"[412877,412882,412884,412879,412881,412890,412893,412909]","[412877,160825,412878,412882,160826,412883,412884,412885,412886,412887,412888,412889,412879,358871,371437,371438,371445,412880,412881,412890,412893,412894,412895,412896,412897,412898,412899,412900,412901,412902,412903,412904,412905,412906,412907,412908,412909,412910,412911,412912,412913,412914,412915,412916,412917,412918,412919,412920,412921,412922,412923,412924]"
2045,"[160428,160430,412827,412830,409332,409334]","[160428,160430,412827,412828,412829,412830,412831,412832,409332,409336,409333,409334,409337,409335]"
2046,"[382769,382775,382771,382777]","[382769,358348,382770,382775,358352,382776,382771,382773,382774,382772,383444,382777,382779,382780,382778,383445]"
2047,"[358853,160748,360663,360661]","[358853,160748,360663,358854,358855,360664,371241,371242,371243,360661,160766,160767,360662,371238,371239,371240]"
2048,"[160543,162430,164991,164993,371375,371376,371378,371377,359197,359198,162374,162431]","[160543,162430,164991,164993,371375,371376,371378,371377,359197,359198,162374,162404,162375,162387,162319,162405,162406,162407,162408,162409,162410,162411,162412,162413,162414,162415,162416,162417,162418,162419,162431,162432,162433,162434,162435,162436,162437,162438,162439,162440,162441,162442,162443,162444,162445,162446,162447,162448,162449,162450]"
2049,"[162558,412833,167839]","[162558,412833,412835,412866,412836,412837,412838,412839,412840,160771,412841,167839,162490,412865,359809,359810,359811,359818,169494,160770,359808]"
2050,"[367204,367207,413751,413750,160525,160528,359820,359819]","[367204,367207,413751,413750,160525,160528,359820,358341,359778,359779,359780,359781,359782,359783,359784,359819,358338,359773,359774,359775,359776,359777,358339,358340]"
2061,"[359332,361147,359341,361148,361159,361160]","[359332,361147,359341,359342,359763,359343,359352,361148,361149,361150,361151,361152,361159,361160]"
2065,"[160884,160885]","[160884,160882,37386,113987,371379,371380,359199,160885,160883,160913,113988,371381,371382,359200]"
2066,"[358569,358580,358573,358590]","[358569,358570,358571,358572,371383,371384,359201,358574,358575,358576,371385,371386,359202,358577,358578,358579,371388,371389,359203,358580,358581,358582,358583,371390,371391,359204,358584,358585,358586,371392,371393,359205,358587,358588,358589,371394,371395,359206,358573,358590]"
2067,"[358700,358697,358701,358698,358702,358699,358703,91774,91775,358704]","[358700,358697,358701,358698,358702,358699,358703,91774,91775,358704]"
2072,"[358721,358839]","[358721,358722,358723,358724,358725,371420,371421,359223,358839,358840,358841,358842,358843,371422,371423,359224]"
2073,"[358731,358777,358735,358781]","[358731,358732,358733,358734,371424,371425,359225,358777,358778,358779,358780,371426,371427,359226,358735,358737,380409,358738,358781,358783,380410,358784]"
4579,"[413616,413477]","[413616,413617,413618,413619,413620,413621,417619,413622,413623,413624,413625,413626,413627,413628,413629,413630,413631,413632,413633,413634,413635,413636,413637,413638,413639,413640,413641,413642,413643,413644,413645,413646,413647,413648,413649,413650,413651,413652,413653,413654,413655,413656,413657,413658,413659,413660,413661,413662,413663,413664,413477,413478,413479,413480,413481,413482,417618,413483,413484,413485,413486,413487,413488,413489,413490,413491,413492,413493,413494,413495,413496,413497,413498,413499,413500,413501,413502,413503,413504,413505,413506,413507,413508,413509,413510,413511,413512,413513,413514,413515,413516,413517,413518,413519,413520,413521,413522,413523,413524,413525]"
4581,"[409965,409966,159127,159129]","[409965,411507,120395,411508,411509,411510,409875,411511,411512,409966,411513,121297,411515,411516,411517,409876,411519,411520,159127,159129]"
4583,"[409910,409916,159120,159118]","[409910,409911,409912,409914,409933,409915,411497,411498,409916,409917,409918,409920,409934,409921,411499,411500,159120,159118]"
4584,"[411481,411487,159114,159116]","[411481,411482,120425,411483,411484,409883,411032,411485,411486,159115,411487,411488,121309,411489,411490,409884,411033,411491,411492,159117,159114,159116]"
4585,"[411501,411504,159368,159366]","[411501,409864,409865,120439,411502,411503,411504,409866,409867,130762,411505,411506,159368,159366]"
4586,"[413436,413571]","[413436,413466,410367,413467,413468,413451,417616,410581,413437,410349,413438,413469,413470,413454,413455,413456,120522,413439,413440,413441,413471,413472,413457,413458,413459,413442,413443,413444,413445,413473,413474,413460,413461,413462,413446,413447,413448,413449,413475,413476,413463,413464,413465,413450,413452,413453,413571,413572,413573,413574,413575,413576,417617,413577,413578,413579,413580,413581,413582,413583,413584,413585,413586,413587,413588,413589,413590,413591,413592,413593,413594,413595,413596,413597,413598,413599,413600,413601,413602,413603,413604,413605,413606,413607,413608,413609,413610,413611,413612,413613,413614,413615]"
4587,"[120534,121214,159110,159112]","[120534,417614,120540,120535,411455,411456,411457,411458,410890,121214,417615,121216,121215,411459,411460,411461,411462,410891,159110,159112]"
4588,"[409766,409769,159100,120548]","[409766,417620,409772,409767,409768,120545,411447,411448,411591,409769,417621,409773,409770,409771,121211,411449,411450,411592,159100,120548]"
4589,"[411463,411470,159102,159104,411573]","[411463,411585,411464,120562,411465,411466,411467,409962,411468,411469,411470,411586,411471,409963,411472,411473,411474,409964,411475,411476,159102,159104,411573]"
4590,"[121166,121222,159106,159108]","[121166,120567,411451,411452,120570,120571,409925,409926,409931,121222,121226,411453,411454,121223,121224,409927,409928,409932,159106,159108]"
4592,"[413526,413665]","[413526,413527,413528,413529,413530,413531,417612,413532,413533,413534,413535,413536,413537,413538,413539,413540,413541,413542,413543,413544,413545,413546,413547,413548,413549,413550,413551,413552,413553,413554,413555,413556,413557,413558,413559,413560,413561,413562,413563,413564,413565,413566,413567,413568,413569,413570,413665,413666,413667,413668,413669,413670,417613,413671,413672,413673,413674,413675,413676,413677,413678,413679,413680,413681,413682,413683,413684,413685,413686,413687,413688,413689,413690,413691,413692,413693,413694,413695,413696,413697,413698,413699,413700,413701,413702,413703,413704,413705,413706,413707,413708,413709]"
4593,"[185203,185204,159146,151401,185201,151400]","[185203,120597,411537,411538,410777,410778,120598,410779,410780,411539,411540,410781,185204,121246,411541,411542,410783,410784,121247,410785,410786,411543,411544,410787,159146,151401,185201,151400]"
4594,"[409935,409941,409788,409789,159132,159134]","[409935,409936,409937,409938,409939,409940,411521,411522,120601,411523,411524,411525,409941,409942,409943,409944,409945,409946,411526,411527,121242,411528,411529,411530,409788,409789,159132,159134]"
4595,"[120607,121253,159142,159144]","[120607,120608,120609,120610,411531,120613,411532,411533,121253,121254,121255,121256,411534,121257,411535,411536,159142,159144]"
4596,"[409897,409899,411552,411545,409929,409930]","[409897,409899,411552,411553,409900,411554,411555,411556,410775,411557,411558,411545,411546,409898,411547,411548,411549,410774,411550,411551,409929,409930]"
4668,"[346308,346326,395852,395851]","[346308,346309,346310,346311,346312,346313,346314,346315,346316,346317,346318,346319,346320,346321,346322,346323,346324,346325,317054,317055,317057,317059,317060,317061,317062,317063,317064,317065,317066,317151,317067,317068,317069,317070,317071,346326,346327,346328,346329,346330,346331,346332,346333,346334,346335,346336,346337,346338,346339,346340,346341,346342,346343,346344,346345,346346,346347,346348,346349,346350,346351,346352,346353,346354,346355,346356,346357,346358,346359,346360,395852,395851]"
4669,"[351024,351020,395837,395844]","[351024,351020,395837,395838,395839,395840,395841,395842,395843,395844,395845,395846,395847,395848,395849,395850]"
4670,"[351723,351722,316323,316325]","[351723,351858,146618,351722,351856,144612,316323,351857,316324,148515,316325,351860,316326,346364]"
4671,"[352833,352834]","[352833,346373,346377,346379,346380,346381,346378,346382,346371,352834,346384,346385,346386,346387,346388,346389,346390,346383]"
4680,"[145100,346292]","[145100,145101,149032,145106,395890,145102,145103,145107,346285,346286,346287,346288,346289,346290,346291,395891,349604,346292,346293,346294,346295,395892,346296,346297,346298,346299,346300,346301,346302,346303,349599,346305,395893,349605]"
4685,"[179824,160487,145361,179831]","[179824,179825,179827,179829,179830,160487,160488,160491,160493,160498,145361,179831]"
4691,"[145280,146580,316270,316104]","[145280,145244,145281,146580,146581,146582,316270,316271,316272,316273,316274,316275,316276,316277,316280,316104,316105,316106,316107,316269,316266,316267,316268,316278]"
4692,"[350976,350980]","[350976,395882,145248,350977,395883,395884,395885,350980,395886,350981,350982,395887,395888,395889]"
4693,"[179754,149026,149028,179755,179769,179751,349583,349568]","[179754,149026,149028,179755,179769,179772,352828,395835,179751,148622,352827,395833,349583,349584,349585,349586,349587,349588,349589,349590,349591,349592,349593,349594,349595,349596,349597,179774,395836,349568,349569,349570,349571,349572,349573,349574,349575,349576,349577,349578,349579,349580,349581,349582,145249,395834]"
4694,"[350993,351015]","[350993,350994,145261,145262,145257,179679,179680,179682,179683,179684,179694,179685,179681,316231,350995,351000,351015,351016,146608,146609,146610,179686,179687,179689,179690,179691,179695,179693,179688,316232,351017,351018]"
4695,"[395990,395993,145284,346367,346365,346369]","[395990,395991,395992,395993,395994,395995,145284,145270,346367,346368,346365,346366,346369,346370]"
4697,"[351045,351043,395929,395930,397728,397730]","[351045,351046,351049,351047,351043,351044,351048,351036,395929,395926,145293,145295,317106,317092,317093,317094,317095,317096,317098,317099,317100,317101,317102,395911,395912,395913,397213,395914,395915,395916,395930,395927,146552,146553,317107,317108,317109,317110,317111,317112,317113,317114,317115,317116,317117,395920,395921,395922,397214,395923,395924,395925,397728,397730]"
4698,"[145297,346396,395895,395894,316293,346397,346398,317884,346394,346399,346400,346395]","[145297,346396,395895,395894,316293,346397,346398,317884,346394,346399,346400,346395]"
4699,"[145307,346402,145310,346403,346401,346404]","[145307,346402,145310,346403,346401,346404]"
4700,"[351051,145311]","[351051,351052,351614,351053,351054,351055,351056,351057,351058,395857,395858,395859,395860,145311,145313,351613,316295,316296,316305,351037,316298,351038,395853,395854,395855,395856]"
4701,"[318737,351660]","[318737,145328,145321,351660,351662,351661]"
4702,"[145685,146226]","[145685,145427,145428,417083,145429,145419,160760,146226,146229,417091,417092,417093,146227,160761]"
4703,"[147343,159992,417101,417113,417392,417391,417102,417114]","[147343,147344,147345,147351,291125,409243,291126,147346,147348,147349,159992,159993,159994,159996,291158,409244,291159,159999,160000,160001,417101,417113,417392,417391,417102,417103,417104,417105,417106,417114,417115,417116,417117,417118]"
4704,"[145443,146710,146713,145441]","[145443,146710,146713,146714,145441,145442]"
4705,"[417406,148504,145684]","[417406,148504,417396,417397,417398,417399,417400,418449,418450,418451,418452,418453,418454,417402,417403,417404,417405,145684,146742,417393,145453,417394,146351,418444,146352,418445,418446,418447,418448,147424,314663,146822,417395]"
4706,"[146444,417130]","[146444,417125,417126,417127,417128,417129,417334,417130,417131,417132,417133,417134,417135,417335]"
4707,"[417225,145961]","[417225,417226,417227,417228,417229,417230,417231,418461,418462,418463,418464,418465,418466,417417,417233,417234,417235,145961,146412,417221,145965,417222,417223,146413,418455,418456,418457,418458,418459,418460,417415,146415,323876,417224]"
4708,"[146963,145969]","[146963,146964,146965,146968,314411,146969,417240,148591,148593,148594,314417,146971,146972,146973,417241,417242,417243,145969,145970,146647,146765,314410,146766,417236,148590,148588,148589,314416,145973,146651,145974,417237,417238,417239]"
4709,"[417271,417248,417312]","[417271,417259,417260,417261,417262,417263,417264,417310,417265,417266,417267,417268,417269,417270,417311,417272,417273,417274,417275,417276,417277,417278,417279,417280,417281,417248,290623,290624,290625,417244,290626,417245,417308,290627,290628,417246,290621,290622,417247,417309,417249,417250,417251,417252,417253,417254,417255,417256,417257,417258,417312]"
4710,"[145987,417296]","[145987,417287,417288,417289,417290,417291,417292,417293,417294,417295,417296,417297,417298,417299,417300,417301,417302,417303,417304,417305]"
4711,"[146013,417196,417194,417212]","[146013,146014,146500,146337,417185,146015,417186,417187,417188,146017,146657,417189,417190,417191,417192,417193,417196,417197,417198,417199,417200,417201,417202,417203,417204,417205,417206,417207,417208,417209,417210,417211,417194,417195,417212,417213]"
4712,"[417320,417322]","[417320,145861,145865,145863,417321,290598,145862,417322,146297,417323,417324,417325,417326,417327]"
4713,"[145870,146303,417340,417597]","[145870,145871,145873,146701,300611,300612,300613,300614,300615,300616,300617,300618,300619,146544,146303,300620,300621,300622,300623,300624,300625,300626,300627,300628,300629,300630,300631,146545,417340,417702,417703,417595,145866,417596,417342,417704,417705,417706,417341,417350,417343,417597,417707,417708,417598,417599,417600,417601,417709,417710,417711,417602,417603,417604]"
4714,"[417448,417451,417359]","[417448,417357,417449,145874,417450,417451,417452,417453,417454,417455,417359]"
4715,"[146418,147374,270373]","[146418,146424,147048,417712,417605,146436,417713,146425,147049,146426,323874,417714,417606,146435,417715,147374,147375,147376,417716,417607,147377,417717,147380,168798,168799,323875,417718,417608,168800,417719,270373]"
4716,"[417366,145892]","[417366,417367,417368,417369,417370,417371,417588,417372,417373,145892,145894,145895,145896,417363,417364,417587,417365,145893]"
4769,"[348978,351077,352123]","[348978,348979,349895,349896,349897,349898,349899,349900,349901,349902,349903,350946,350947,350948,348980,349881,349893,349885,349886,349887,349882,349883,349884,349888,350949,350950,350951,351077,351078,351079,351080,351081,351082,351083,351084,351085,351086,351087,351088,351089,351090,351091,351092,351093,351094,351095,351096,351097,351098,351099,351100,351101,351102,351103,352123,352124,352125,352126,352127]"
4775,"[402300,402301,150122,151632]","[402300,149450,398197,397608,397609,397610,397611,398250,398251,398252,149451,402301,151630,398198,397613,397614,397615,397616,398253,398254,398255,151631,150122,151632]"
4776,"[149454,151637,398203,398204,398724,398725,150130,151638,397252,397251,397688,397691,151639,150131]","[149454,151637,398203,398204,398724,398725,150130,151638,397252,397251,397688,397689,397691,397692,151639,150131]"
4777,"[151836,151818]","[151836,398812,398813,398814,398815,397903,397904,402307,411339,398343,398344,409672,397906,397946,397907,398201,409682,397905,398202,397908,398630,151818,398808,398809,398810,398811,381192,397901,402306,411338,398341,398342,409671,151821,397945,151824,398200,409681,397902,398199,151846,398629]"
4778,"[151572,151633,397605,397603,151635,151561,150184,151636]","[151572,151573,397241,398193,398194,151633,151634,397242,398195,398196,397605,398592,397606,397603,398591,159467,151635,151561,150184,151636]"
4779,"[402303,402304,150192,151817,408461]","[402303,150193,150190,398205,398537,402304,151816,151815,398206,398538,150192,151817,408461]"
4780,"[149472,151640,398207,398208,290754,290752,397673,397670,151642,150200]","[149472,151640,398207,398208,290754,290752,397673,398594,397674,397670,398593,397671,151642,150200]"
4781,"[397255,397261,152695,242948,242947,242949,150382,151658,151659,150203]","[397255,397256,397257,397258,397259,397260,409683,411340,398349,398350,409673,397929,397947,397930,398519,409684,149474,398209,397261,397262,397263,397264,397265,397266,409685,411341,398351,398352,409674,397931,397948,397932,398520,409686,151655,398210,152695,242948,242947,242949,150382,151658,151659,150203]"
4782,"[397281,397269,150206,151674,159469,159470,291177,291172]","[397281,397282,149480,398211,397625,397626,397627,397628,398212,398213,398214,397283,397284,397285,397286,397287,397288,397269,397278,151672,398215,397630,397631,397632,397633,398216,398217,398218,397270,397275,397276,397277,397279,397280,150206,151674,159469,159470,291177,291178,291179,291180,291181,291499,291172,291173,291174,291175,291176,291498]"
4783,"[397289,397325]","[397289,397290,397369,397291,152239,149486,152238,152240,159256,152241,397885,397700,397701,150208,397293,149485,397294,397295,397296,397297,397298,397299,397300,397884,397676,398595,397677,397302,398165,398166,398167,397303,397304,397305,397306,397307,397635,397636,397637,397638,397308,397309,397310,397640,397641,397642,397643,397311,397886,397313,398168,398778,398170,397314,397315,397316,397317,409687,411342,398353,398354,409675,397933,397951,397934,397318,397319,397320,409688,411343,398355,398356,409676,397935,397952,397936,397321,397322,397887,397324,398171,398779,398173,397325,397326,397370,397327,397328,397329,397330,397331,397332,397333,397888,397703,397704,397335,397336,397337,397338,397339,397340,397341,397342,397343,397344,397889,397679,398596,397680,397346,398174,398780,398176,397347,397348,397349,397350,397351,397645,397646,397647,397648,397352,397353,397354,397650,397651,397652,397653,397355,397890,397357,398177,398781,398179,397358,397359,397360,397361,409689,411344,398357,398358,409677,397937,397953,397938,397362,397363,397364,409690,411345,398359,398360,409678,397939,397954,397940,397365,397366,397891,397368,398180,398782,398182]"
4784,"[401221,401225,397371,397373,397372,397378]","[401221,401217,401222,401223,401224,401225,401218,401226,401227,401228,397371,398388,152202,398389,398390,398391,398393,398392,397373,398394,397374,398395,398396,398397,398398,398399,397372,397378]"
4785,"[149498,151748,398219,398223,397655,397660,150383,151750,152316,152310,152307,152311,152308,152313]","[149498,151748,398219,398223,397655,397656,397657,397658,398220,398221,398222,397660,397661,397662,397663,398224,398225,398226,150383,151750,152316,316979,316980,316981,152319,152310,316976,316977,316978,151529,152307,152095,152311,152312,152308,152097,152309,152313,152314,152315]"
4786,"[150384,151740,398227,398228,397380,397379,397694,397697,150386,151742,151237,151744,152304,152305]","[150384,151740,398227,398228,397380,397379,397694,397695,397697,397698,150386,151742,151237,151238,151528,151744,151745,151747,152304,151743,152305,152306]"
4787,"[149504,151733,398229,398230,397682,397685,150387,151735,152300,152299,152297,152295]","[149504,151733,398229,398230,397682,398597,397683,397685,398598,397686,150387,151735,152300,152301,152303,152299,151737,151739,152297,152298,152295,152296]"
4788,"[402308,402309,397399,397398,151729,151029,152273,152274,152292,152293]","[402308,397390,397391,397392,397393,401899,401900,398521,409691,411346,398364,398365,409679,397941,397949,397942,398233,409692,149508,398231,402309,397394,397395,397396,397397,401901,401902,398522,409693,411347,398366,398367,409680,397943,397950,397944,398234,409694,151726,398232,397399,397398,151729,151029,152273,151206,153065,151526,152274,151730,153066,152276,152292,152289,152293,152294]"
4789,"[397405,397402,150397,151721,151524,151723,152270,152271]","[397405,397406,151719,398239,397925,397926,397927,397928,398240,398241,398242,397407,397408,397402,397403,149510,398235,397909,397910,397911,397912,398236,398237,398238,397404,397400,150397,151721,151524,151194,153036,153067,151525,151723,151724,153037,153068,151725,152270,151221,152271,152272]"
4792,"[397984,398007,398011,397509,398016,397448]","[397984,397985,397986,397987,398007,398008,398009,398010,398011,398012,398013,398014,398015,397509,397510,397511,397512,397513,398016,398017,398018,398019,397448,397449,397450,397451]"
4809,"[351311,150330]","[351311,351312,351313,351314,351315,351316,351317,351318,351319,351320,351321,351322,351323,351324,351325,351326,351327,351328,351329,351330,150330,150319,150321,347317,349773,350123,350124,150341,350126,350129,350742,150320,347318,349774,350130,350131,350132,350134,350135,350748]"
4810,"[348933,351290,352369]","[348933,348934,150281,350107,350108,150283,350110,350113,350899,350900,350901,348935,350165,350166,350167,350168,350170,350171,350902,350903,350904,351290,351291,351292,351293,351294,351295,351296,351297,351298,351299,351300,351301,351302,351303,351304,351305,351306,351307,351308,351309,351310,352369,352370,352371,352372,352373]"
4811,"[351331,348964,352374]","[351331,351332,395782,395783,395784,395785,395786,395787,395788,395789,395790,395791,395792,395793,395794,351341,351342,351343,351344,351345,351354,351355,351356,395795,395796,395797,395798,395799,395800,395801,395802,395803,395804,395805,395806,348964,348965,395757,395770,395771,395772,395773,395774,395775,395776,395777,395778,395779,395780,395781,350743,350905,350906,350907,348966,350908,350909,350910,395715,395747,350146,395751,395752,395753,395748,395749,395750,395754,395755,395756,352374,352375,352376,352377,352378]"
4812,"[349040,351357,352379]","[349040,349041,350884,350885,350886,350887,350888,350889,350914,350915,350916,349042,350175,350176,350177,350179,350181,350183,350911,350912,350913,351357,351358,351359,351360,351361,351362,351363,351364,351365,351366,351367,351368,351369,351370,351371,351372,351373,351374,351375,351376,351377,352379,352380,352381,352382,352383]"
4813,"[351279,348916,352364]","[351279,351280,351281,351282,351283,351284,351285,351286,351287,351288,351289,348916,348917,150294,350896,350897,350898,348918,350102,350738,350894,350895,352364,352365,352366,352367,352368]"
4814,"[351260,347293,352359]","[351260,351261,351262,351263,351264,351265,351266,351267,351268,351269,351270,351271,351272,351273,351274,351275,351276,351277,351278,347293,348906,350065,350066,347294,350067,350068,350919,350920,350921,348907,350088,350089,350090,350092,350093,350917,350918,350720,352359,352360,352361,352362,352363]"
4815,"[351232,347382]","[351232,351505,351510,351233,351234,347382,350924,350058,347407,347409]"
4816,"[395478,395479,352344]","[395478,348882,350032,350037,350035,350939,352743,348881,150180,352740,352739,352741,352742,395479,395486,395487,395488,395489,395490,395491,395480,395481,395482,395483,395484,395485,352344,352345,352346,352347,352348]"
4817,"[351216,347256,352349]","[351216,351217,351463,351464,351465,351219,351220,351221,351222,351223,351224,351225,351226,351227,352120,351228,351229,351230,351231,347256,348625,351461,351462,347258,348868,347257,350714,348869,348870,350925,350926,350927,350040,352119,350041,350051,350043,350052,352349,352350,352351,352352,352353]"
4818,"[347248,351174,352354]","[347248,348852,348853,350005,350006,350011,350007,350012,350940,350941,350942,348851,350080,350081,350082,350083,350085,350086,350943,350944,350945,351174,351175,351176,351177,351178,351179,351180,351181,351182,351183,351184,351185,351186,351187,351188,351189,351190,351191,351192,351193,351194,352354,352355,352356,352357,352358]"
4819,"[352319,352320]","[352319,150088,349940,150094,350679,352320,351164,351168,351172,351173]"
4820,"[352236,352246,352339]","[352236,352237,352238,352239,352240,352241,352242,352243,352244,352245,352246,352247,352248,352249,352250,352251,352252,352253,352254,352255,352339,352340,352341,352342,352343]"
4821,"[349908,351564]","[349908,349909,349911,350682,351535,349910,351536,347193,351537,351564,351565,351566,351567,351568,351569,351570,351571,351572]"
4822,"[350259,351573,352317,352318]","[350259,347175,347176,350683,351538,351539,351554,351555,351556,351541,351542,351551,351552,351553,351573,351574,351575,351576,351577,351578,351579,351580,351581,351582,351583,351584,351585,351586,352317,352305,352307,352309,352308,411574,411575,411576,411577,411578,352310,352318,352311,352313,352315,352314,352316]"
5028,"[255621,255622,157216,157221]","[255621,415951,316703,316704,316705,255622,415952,316706,316707,316708,157216,157221]"
5029,"[203414,203415,416964,417073]","[203414,196981,196982,316545,203415,197526,242963,316546,416964,417065,417066,417067,417073,417074,417075,417076]"
5030,"[415959,415953]","[415959,415960,415961,415962,415963,417064,415953,415954,415955,415956,415957,417063]"
5031,"[196974,197035]","[196974,416731,196976,197035,416732,197037]"
5032,"[196984,197044]","[196984,417079,417081,417361,196988,197044,416734,417082,197048,417362]"
5033,"[416608,416600]","[416608,416609,197049,416610,416611,416612,416613,416614,416600,416601,157277,416602,416603,416604,416605,416606]"
5034,"[196943,197111,416766,196946,196959,196950,196964,417316]","[196943,252864,196944,252865,196945,252866,196955,252867,196956,197111,416766,416767,417509,196946,196953,196948,196949,196947,196959,196960,196961,196962,196963,196950,196951,196952,196957,196958,196964,417316,417317,417508]"
5035,"[196992,353443,197060,157290,161675,197061]","[196992,353442,196993,353443,353444,353445,197060,157290,161675,197061]"
5036,"[197757,197758,416768,416779]","[197757,353275,157296,353276,197794,197795,197758,353277,197067,353278,197798,197799,416768,416769,416770,416771,416772,416773,416774,416775,416776,416777,416778,416779,416780,416781,416782,416783,416784,416785,416786,416787,416788,416789]"
5037,"[416136,416127,196997,197785]","[416136,416566,416137,416569,418662,416127,416564,416128,416568,418661,196997,416565,416129,416130,416131,416132,416133,416134,416135,197785,416567,416138,416139,416140,416141,416142,416143,416144]"
5038,"[197618,197620]","[197618,196896,317000,197620,197070,317001]"
5039,"[157319,197051,416188,416190]","[157319,157320,157321,157323,316988,157324,157325,157326,197051,197052,197053,197054,316989,197055,197056,197057,416188,416735,416190,416736]"
5040,"[196931,197081]","[196931,196932,161910,417385,416125,197081,197082,197083,417386,416126]"
5041,"[415994,417111,417107]","[415994,353279,353280,353802,353803,353804,353805,353806,353549,353807,353808,353453,353454,353455,353456,417111,417109,417110,417112,417107,415995,415996,417108]"
5042,"[417153,416903,417461]","[417153,417154,417155,417156,417157,417158,417159,417505,417160,417506,417522,418664,417408,417507,417499,417523,416903,416904,416905,416906,416907,416908,416909,417500,417501,417520,417502,418663,417407,417503,417504,417521,417461,417490,417491,417492,417493,417486,417487,417488,417489,417494,417495,417496,417497]"
5122,[410773],[410773]
5123,[],[]
5561,"[173470,348627]","[173470,173468,348265,348266,348267,348268,348269,348627,348628,348629,348630,348631,348632,348633]"
5562,"[348256,350266,350261,350270,351500,351501]","[348256,348257,348258,350260,350266,350267,350268,350269,350261,350262,350263,350264,350270,350271,350272,350273,351500,351501]"
5563,"[348567,348320]","[348567,348568,348569,412787,412788,412789,412790,412791,348583,409341,413785,348320,348270,348280,348271,348283,348284,348282,348285,348281,409340,413784]"
5564,"[348584,348319]","[348584,350204,348585,348586,348587,348588,348589,350205,348319,350202,348288,348289,348290,348291,348292,350203]"
5565,"[348318,348590]","[348318,348293,348294,348375,348295,348376,409367,413814,348590,348591,348592,348593,348594,348595,409368,413815]"
5566,"[348596,348296]","[348596,348597,348598,350208,348599,348600,348601,348602,350209,348603,348604,348296,348297,348298,350207,348299,348300,348301,348302,350206,348303,348304]"
5567,"[348379,348605]","[348379,348380,348381,348382,348383,348385,348386,348387,348605,348606,348607,348608,348609,348610,348611,348612]"
5568,"[395278,395273,254539,348613]","[395278,395279,395280,395281,395282,395273,395274,395275,395276,395277,254539,254540,254541,395271,348613,348614,348615,395272]"
5569,"[349432,175203,350222,350210,348388,349433]","[349432,175203,350222,350223,350369,350370,350371,350372,350229,350373,350374,350375,350376,350210,350211,350212,350213,350214,350215,350217,350218,350219,350220,350221,348388,175204,300603,300604,300605,300606,175206,409373,413818,348389,348390,348391,348392,348393,349433,349434,349435,349436,349437,349438,349439,409374,413819,349440,349441,349442,349443,349444]"
5570,"[175703,173482,254529,254526]","[175703,173482,254529,254531,254530,254533,254532,254526,254478,173483,254528,254527]"
5571,"[348400,348558]","[348400,348402,348403,412761,348406,348407,348408,348409,409342,413782,348558,348559,348560,412762,348563,348564,348565,348566,409343,413783]"
5572,"[175583,175244,350479,350459,350398,350482,350469,350490,350493,350413]","[175583,175244,350479,350480,350481,350459,350467,350468,350398,350399,350400,350401,350402,350403,350404,350405,409344,413786,350482,350483,350484,350485,350486,350487,350488,350489,409346,413788,350469,350477,350478,350490,350491,350492,350493,350494,350495,350496,350497,350498,350499,350500,409347,413789,350413,350414,350415,350416,350417,350418,350419,350420,409345,413787]"
5590,"[175541,175542,350311,350316]","[175541,175539,348124,174233,175349,348125,348126,348127,175527,175800,348128,175529,175530,348129,348130,348131,175528,175542,348132,348133,348134,348135,348136,348137,348138,348139,348140,348141,348142,348143,348144,348145,348146,348147,350311,350394,350312,350313,350314,350315,350316,350395,350317,350318,350319,350320]"
5591,"[348410,348634,350323,350325]","[348410,348634,350323,350324,350377,409430,409348,413790,350325,350326,350378,409431,409349,413791]"
5592,"[350346,348430,352748]","[350346,350347,350348,350349,350350,350351,409437,409385,413823,350352,348430,350342,175221,350343,350344,350345,409436,409384,413822,348426,352748]"
5593,"[348122,175229,348123,348121,350328,350327,409369,409371]","[348122,175229,348123,348121,350328,350327,409369,350379,409432,409370,413816,409371,350380,409433,409372,413817]"
5594,"[348635,348411]","[348635,348636,348637,349523,348638,412800,412801,412802,412803,412804,412805,348640,412820,412821,412822,412823,348411,348412,348419,349522,348414,412794,412795,412796,412797,412798,412799,348416,412816,412817,412818,412819]"
5595,"[175688,175232,414011,414012,414058,414059]","[175688,175689,175690,254333,254334,254335,254336,254337,254338,254339,254340,254341,254342,254343,254344,254345,254346,254347,254348,254349,254350,254351,254352,254353,254354,254355,254356,254357,254358,254359,254360,254361,175232,175676,175677,254316,254317,175233,175674,175678,254318,254319,254320,254321,175679,175680,175681,254322,254323,254324,254325,175682,175683,175684,254326,254327,254328,254329,175685,175686,175687,254330,254331,254332,414011,414012,414058,414059]"
5596,"[348621,175236,409386,409388]","[348621,348622,348623,175236,175237,175239,409386,348425,409387,413824,409388,348624,409389,413825]"
5597,"[348420,348642]","[348420,350329,348421,350331,348452,348422,394060,350332,348423,350381,349564,349560,349561,409378,350396,409434,409379,413820,348642,350335,348643,350382,348644,348645,394062,350339,348646,350383,349565,349566,349567,409382,350397,409435,409383,413821]"
6256,"[341509,341508,341005,341008,341161,341171]","[341509,341508,341005,341006,341007,341008,341009,341010,341161,341162,341163,341164,341168,341481,341169,341170,341171,341172,341173,341174,341175,341482,341176,341177]"
6257,"[340549,242646,341514,341517,340552,340548,341122,341129]","[340549,340550,340551,242646,242647,242648,341514,341515,341516,341517,341518,341519,340552,340548,341122,341123,341124,341125,341196,341485,341126,341127,341128,341129,341130,341131,341132,341197,341486,341133,341134,341135]"
6258,"[339469,340451,341136,341150]","[339469,339466,339467,339468,339463,339464,339465,340451,340452,340453,340454,340455,340456,340457,341136,341137,341138,341139,341198,341143,341483,341144,341145,341146,341147,341148,341149,341150,341151,341152,341153,341199,341154,341484,341155,341156,341157,341158,341159,341160]"
6259,"[340002,340458,341178,341188]","[340002,241539,395660,395661,339476,395666,395662,395668,395669,340458,340459,395663,395664,340460,395667,395665,395670,395671,341178,341179,341180,341181,341185,341479,341186,341188,341189,341190,341191,341192,341480,341193]"
6260,"[341544,340001,341103,341552]","[341544,341656,341546,341547,341548,341549,341550,341551,341545,340001,341654,341527,341528,341529,341532,341533,341534,339483,341103,341104,341105,341106,341194,341536,341487,341655,341538,341539,341540,341541,341542,341543,341537,341552,341553,341554,341555,341556,341557,341558,341657,341560,341561,341562,341563,341564,341565,341559]"
6261,"[340013,340491,341200,341211]","[340013,241232,241233,340491,340492,340493,341200,341201,341202,341203,341204,341208,341477,341209,341210,341211,341212,341213,341214,341215,341216,341478,341217,341218]"
6262,"[341015,341011,341269,341276]","[341015,341016,341017,341011,341012,341013,341269,341270,341271,341272,341273,341274,341471,341275,341276,341277,341278,341279,341280,341281,341472,341282]"
6263,"[339517,340481,340385,340490,341219,341241]","[339517,339518,339519,340368,340370,340369,340371,340372,339520,340481,340482,340483,340484,340485,340486,340487,340488,340489,340385,340490,341219,341220,341221,341222,341223,341224,341475,341233,341234,341235,341236,341237,341238,341239,341240,341241,341242,341243,341244,341245,341246,341476,341247,341248,341249,341250,341251,341252,341253,341254]"
6264,"[340003,340465,341283,341296]","[340003,395688,395689,395690,395691,395692,395693,241240,339500,339502,340465,395700,395701,395702,395703,395704,395705,340470,340466,340469,341283,341284,341285,341286,341287,341307,341470,395694,395695,395696,395697,395698,395699,341312,395981,395982,341296,341297,341298,341299,341300,341313,341469,395706,395707,395708,395709,395710,395711,341318,395983,395984]"
6265,"[340494,291382,291385,340496,340024,340498,340500,340029,340031,340502,340504,241526,340649,291480,341255,341262]","[340494,340495,291382,291384,291385,291387,340496,340497,340024,340025,340498,340499,340500,340501,340029,340030,340031,340032,340502,340503,340504,241526,340649,291480,341255,341256,341257,341258,341259,341260,341473,341319,341320,341321,341322,341323,341324,341325,341326,341327,341328,341329,341330,341262,341263,341264,341265,341266,341331,341474,341332,341333,341334,341335,341336,341337,341338,341339,341340,341341,341342,341343]"
6266,"[339522,340505]","[339522,339523,339524,339526,341344,341345,341346,341347,341348,341349,341465,341467,341350,341351,340505,340506,340507,340508,341352,341353,341354,341355,341356,341357,341466,341468,341358,341359]"
6267,"[291545,340509]","[291545,241119,308612,341360,341361,341362,341363,341364,341365,341463,341366,342102,340509,340510,340511,341367,341368,341369,341370,341371,341372,341464,341373,342103]"
6268,"[340512,243795,341374,341394]","[340512,340513,340514,340515,340516,340517,340518,340519,340520,340521,340522,340523,340524,340525,340526,243795,243796,241121,241123,243078,241124,241125,243130,267010,267011,267012,267013,267014,267015,267016,341374,341375,341376,341377,341378,341379,341461,341380,341381,341382,341383,341384,341385,341386,341387,341388,341389,341390,341391,341392,341393,341394,341395,341396,341397,341398,341399,341462,341400,341401,341402,341403,341404,341405,341406,341407,341408,341409,341410,341411,341412,341413]"
6269,"[339527,340527,291555,340528,341414,341421]","[339527,340527,291555,340528,341414,341415,341416,341417,341418,341419,341459,341420,341421,341422,341423,341424,341425,341426,341460,341427]"
6270,"[340033,341095,341428,341441]","[340033,241135,291378,341089,341090,341091,341092,341094,341095,341096,341097,341098,341099,341100,341101,341102,341428,341429,341430,341431,341432,341433,341457,341434,341441,341442,341443,341444,341445,341446,341458,341447]"
6279,[341038],[341038]
6282,[341041],"[341041,341043,341044,341045,342232,342233]"
6463,"[358367,370215,358390,358366,417851,417842,372473,416181,416174,417724,417720]","[358367,370115,358369,370174,367657,367717,370175,370172,358370,370173,370158,395129,370177,370178,370179,370180,370181,370182,370183,370184,370185,418340,418341,370159,370162,370215,370216,370217,370218,370219,370220,370221,370222,370223,370224,370225,395130,370226,370227,370228,370229,370230,370231,370232,370233,370234,418342,418343,370237,370240,358390,368238,265000,395120,395121,395122,395123,395124,395126,416195,416196,358366,368235,261805,359169,395116,395117,395118,395119,395125,416194,416193,417851,418080,417854,418084,417857,417858,417855,417856,418081,417852,417853,417859,417842,418078,417845,418083,417848,417849,417846,417847,418079,417843,417844,417850,372473,416181,416182,416183,416184,416185,416186,416187,416174,416175,416176,416177,416178,416179,416180,417724,417725,417726,418087,417727,417720,417723,417721,418086,417722]"
6464,"[370297,370325,370351,370323,416244,416237,417728,417732]","[370297,370298,370299,370300,370301,370302,370303,370304,370305,370306,370307,395131,370308,370309,370310,370311,370312,370313,370314,370315,370316,370319,370322,370325,370326,370327,370328,370329,370330,370331,370332,370333,370334,370335,395132,370336,370337,370338,370339,370340,370341,370342,370343,370344,370347,370350,370351,370352,370354,416198,370323,368241,359411,416197,416244,416245,416246,416247,416248,416249,416250,416237,416238,416239,416240,416241,416242,416243,417728,417729,417730,418093,417731,417732,417733,417734,418094,417735]"
6465,"[371302,371303,416370,416363,417736,417740]","[371302,371127,371128,371129,371130,371131,371132,371133,371134,371135,371136,371137,395133,371138,371139,371140,371141,371142,371143,371144,371145,371146,418336,418337,371149,371152,416456,371153,368229,371154,371155,371662,371663,371156,395081,371191,416045,371157,371190,416199,371303,371158,371159,371160,371161,371162,371163,371164,371165,371166,371167,371168,395134,371169,371170,371171,371172,371173,371174,371175,371176,371177,418338,418339,371180,371183,416457,371184,371185,371192,371193,371664,371665,371194,395082,371196,416046,371189,371195,416200,416370,416371,416372,416373,416374,416375,416376,416363,416364,416365,416366,416367,416368,416369,417736,417737,417738,418095,417739,417740,417741,417742,418096,417743]"
6466,"[370420,370394,266289,266260,416272,416265,417744,417748]","[370420,370421,370422,370423,370424,370425,370426,370427,370428,370429,370430,395136,370431,370432,370433,370434,370435,370436,370437,370438,370439,418334,418335,370442,370445,370394,370395,370396,370397,370398,370399,370400,370401,370402,370403,370404,395135,370405,370406,370407,370408,370409,370410,370411,370412,370413,418332,418333,370416,370419,266289,370446,266290,331622,331623,331624,331625,331626,416202,266260,368196,266261,331618,331619,331620,331621,314755,416201,416272,416273,416274,416275,416276,416277,416278,416265,416266,416267,416268,416269,416270,416271,417744,417745,417746,418097,417747,417748,417749,417750,418098,417751]"
6467,"[418577,418601,418636,418625,416328,416321,417756,417752]","[418577,418578,418579,418580,418581,418582,418583,418584,418585,418586,418587,418588,418589,418590,418591,418592,418593,418594,418595,418596,418597,418598,418599,418600,418601,418602,418603,418604,418605,418606,418607,418608,418609,418610,418611,418612,418613,418614,418615,418616,418617,418618,418619,418620,418621,418622,418623,418624,418636,418637,418638,418639,418640,418641,418642,418643,418644,418645,418646,418625,418626,418627,418628,418629,418630,418631,418632,418633,418634,418635,416328,416329,416330,416331,416332,416333,416334,416321,416322,416323,416324,416325,416326,416327,417756,417757,417758,418100,417759,417752,417753,417754,418099,417755]"
6468,"[370502,370529,307152,307153,416279,416286,417760,417764]","[370502,370503,370504,370505,370506,370507,370508,370509,370510,370511,370512,395139,370513,370514,370515,370516,370517,370518,371984,370519,370520,370521,418328,418329,370524,370527,370529,370530,370531,370532,370533,370534,370535,370536,370537,370538,370539,395140,370540,370541,370542,370543,370544,370545,371985,370546,370547,370548,418330,418331,370551,370554,307152,370528,262488,262489,416205,370555,370561,371993,370556,370563,370562,370564,370558,370560,370557,308193,307153,368256,265014,265015,416206,370565,370566,371998,370567,370568,370569,370570,370571,370572,370573,308194,416279,416280,416281,416282,416283,416284,416285,416286,416287,416288,416289,416290,416291,416292,417760,417761,417762,418101,417763,417764,417765,417766,418102,417767]"
6469,"[370574,370603,370629,358393,416342,373253,417772,416335,417768]","[370574,370575,370576,370577,370578,370579,370580,370581,370582,370583,370584,395141,370585,370586,370587,370588,370589,370590,370591,370592,370593,418324,418325,370596,370599,372005,370603,370604,370605,370606,370607,370608,370609,370610,370611,370612,370613,395142,370614,370615,370616,370617,370618,370619,370620,370621,370622,370625,418326,418327,370628,372006,370629,370630,418786,370631,370632,416210,370633,372004,416556,370634,370635,416209,358393,368259,418785,262536,357535,416208,370600,372003,416555,370602,370601,416207,416342,416343,416344,416345,416346,416347,416348,373253,417772,417773,417774,418104,417775,416335,416336,416337,416338,416339,416340,416341,417768,417769,417770,418103,417771]"
6470,"[370636,370663,370692,358256,416356,371546,416349,417780,417776]","[370636,370637,370638,370639,370640,370641,370642,370643,370644,370645,370646,395143,370647,370648,370649,370650,370651,370652,370653,370654,370655,418294,418295,370658,370661,370663,370664,370665,370666,370667,370668,370669,370670,370671,370672,370673,395144,370674,370675,370676,370677,370678,370679,370680,370681,370682,418310,418311,370685,370688,370692,370693,370694,370695,395040,370696,370697,370698,395041,372410,372408,358256,368265,316868,357602,395038,370689,370690,370691,395039,372409,372407,416356,416357,416358,416359,416360,416361,416362,371546,416349,416350,416351,416352,416353,416354,416355,417780,417781,417782,418106,417783,417776,417777,417778,418105,417779]"
6471,"[371248,263502,371211,371271,417788,359082,417784]","[371248,371249,371250,371251,371252,371253,371254,371255,371256,371257,371258,395146,371259,371260,371261,371262,371263,371264,371265,371266,371267,418314,418315,371269,371270,263502,371211,371212,371213,371214,371215,371216,371217,371218,371219,371220,371221,395145,371222,371223,371224,371225,371226,371227,371228,371229,371230,418312,418313,371232,371233,371271,371272,371273,371274,371275,371276,371277,371278,418256,416230,416231,416232,416233,416234,416235,416236,417788,417789,417790,418108,417791,359082,359094,359095,359093,262824,371234,359083,359084,418255,416223,416224,416225,416226,416227,416228,416229,417784,417785,417786,418107,417787]"
6472,"[357538,357545,416293,416300,417792,417796]","[357538,370725,370726,370727,370728,370729,370730,370731,370732,370733,370734,370735,395147,370736,370737,370738,370739,370740,370741,370742,370743,370744,418316,418317,370747,370750,416458,357539,368308,357540,357541,368273,357542,357543,357544,357552,416211,357545,370751,370752,370753,370754,370755,370756,370757,370758,370759,370760,370761,395148,370762,370763,370764,370765,370766,370767,370768,370769,370770,418318,418319,370773,370776,416459,357546,368309,357547,357548,370777,357549,357550,357551,357553,416212,416293,416294,416295,416296,416297,416298,416299,416300,416301,416302,416303,416304,416305,416306,417792,417793,417794,418109,417795,417796,417797,417798,418110,417799]"
6473,"[370778,370804,358496,409632,416251,416258,417804,417800]","[370778,370779,370780,370781,370782,370783,370784,370785,370786,370787,370788,395149,370789,370790,370791,370792,370793,370794,370795,370796,370797,418320,418321,370800,370803,370804,370805,370806,370807,370808,370809,370810,370811,370812,370813,370814,395150,370815,370816,370817,370818,370819,370820,370821,370822,370823,418322,418323,370826,370829,358496,409628,368279,263426,357508,416021,417860,416213,409629,409630,409631,409632,409633,409634,409635,409636,416024,417861,416214,409637,409638,409639,416251,416252,416253,416254,416255,416256,416257,416258,416259,416260,416261,416262,416263,416264,417804,417805,417806,418112,417807,417800,417801,417802,418111,417803]"
6474,"[370858,370830,370856,370884,416314,416307,417812,417808]","[370858,370859,370860,370861,370862,370863,370864,370865,370866,370867,370868,395154,370869,370870,370871,370872,370873,370874,371953,370875,370876,370877,418346,418347,370880,370883,370830,370831,370832,370833,370834,370835,370836,370837,370838,370839,370840,395153,370841,370842,370843,370844,370845,370846,371954,370847,370848,370849,418344,418345,370852,370855,370856,368285,359385,359386,359387,371973,371930,370857,416215,370884,370885,370886,370887,370888,371974,371931,370889,416216,416314,416315,416316,416317,416318,416319,416320,416307,416308,416309,416310,416311,416312,416313,417812,417813,417814,418114,417815,417808,417809,417810,418113,417811]"
6475,"[370890,370988,370962,370960,370959,416384,416377,417820,417816]","[370890,370988,370989,370990,370991,370992,370993,370994,370995,370996,370997,370998,395156,370999,371000,371001,371002,371003,371004,371005,371006,371007,418350,418351,371010,371013,370962,370963,370964,370965,370966,370967,370968,370969,370970,370971,370972,395155,370973,370974,370975,370976,370977,370978,370979,370980,370981,418348,418349,370984,370987,370960,370961,380986,370925,370926,370927,380982,370929,370930,370931,380983,370933,370934,370935,370936,370937,370938,380984,370940,370941,370942,380985,370944,370945,370946,370947,370948,370949,370950,380573,370951,370952,370953,380574,370954,370955,370956,380575,416218,370957,370958,380987,370959,368291,380976,370891,370892,370893,380977,370895,370896,370897,380978,370899,370900,370901,370902,370903,370904,380979,370906,370907,370908,380980,370910,370911,370912,370913,370914,370915,370916,380576,370917,370918,370919,380577,370920,370921,370922,380578,416217,370923,370924,380981,416384,416385,416386,416387,416388,416389,416390,416377,416378,416379,416380,416381,416382,416383,417820,417821,417822,418116,417823,417816,417817,417818,418115,417819]"
6476,"[416049,416078,416405,416412,417832,417836]","[416049,416050,416051,416052,416053,416054,416055,416056,416057,416058,416059,416060,416061,416062,416063,416064,416065,416066,416067,416068,416069,416070,418356,418357,416071,416072,416462,416073,416074,416075,316806,416076,416077,418076,416221,416078,416079,416080,416081,416082,416083,416084,416085,416086,416087,416088,416089,416090,416091,416092,416093,416094,416095,416096,416097,416098,416099,418358,418359,416100,416101,416463,416102,416103,416104,416105,416106,416107,418077,416222,416405,416406,416407,416408,416409,416410,416411,416412,416413,416414,416415,416416,416417,416418,417832,417833,417834,418119,417835,417836,417837,417838,418120,417839]"
6478,"[371066,371078,416398,416391,417824,417828]","[371066,371031,371032,371033,371034,371035,371036,371037,371038,371039,371040,371041,395157,371042,371043,371044,371045,371046,371047,371048,371049,371050,418352,418353,371053,371056,416460,371057,368297,264951,371067,416219,371078,371079,371080,371081,371082,371083,371084,371085,371086,371087,371088,371089,395158,371090,371091,371092,371093,371094,371095,371096,371097,371098,418354,418355,371101,371104,416461,371105,371106,371107,371108,416220,416398,416399,416400,416401,416402,416403,416404,416391,416392,416393,416394,416395,416396,416397,417824,417825,417826,418117,417827,417828,417829,417830,418118,417831]"
6491,"[358886,416570,416572,358890,395051,416573,416574,395052]","[358886,381128,416570,416571,416572,358890,395051,416573,416574,416575,416576,416577,395052,395053,395054,395055]"
6902,"[343680,309827]","[343680,343681,344867,343682,343683,343684,344868,344869,344870,344871,343685,343686,343687,343688,309827,343105,344866,343606,343106,343107,344862,344863,344864,344865,343108,343607,343109,343110]"
6903,"[343111,343689]","[343111,343112,344872,343608,343113,343114,343115,344873,344874,344875,344876,344877,343116,343609,343117,343118,343119,343689,343690,344878,343691,343692,343693,343694,344879,344880,344881,344882,344883,343695,343696,343697,343698,343699]"
6904,"[343120,343700]","[343120,343121,344884,343610,343122,343123,344135,344885,344886,344887,344888,344889,343124,343611,343125,343126,343700,343701,344996,343702,343703,343704,344997,344998,344999,345000,343705,343706,343707,343708]"
6905,"[343127,343709]","[343127,343128,344893,344894,344895,344896,345002,343134,343129,344455,343131,343612,343132,343133,343709,343710,344897,344898,344899,344900,345003,343711,343712,344456,343713,343714,343715,343716]"
6906,"[343135,343717,345917,345921]","[343135,345914,345915,345916,343136,343613,343143,345905,343137,343138,344129,343614,343139,343140,343141,343717,345918,345919,345920,343718,345401,343720,345909,343721,343722,344130,343724,343723,343725,343726,345917,345921]"
6907,"[344924,343182,343179,344925,344932,343185,345157,345158]","[344924,343182,343179,343180,343181,343281,343186,343183,343184,344925,344926,344927,344928,344929,344930,344931,344932,343185,345157,345158]"
6908,"[343736,343223]","[343736,343739,343737,343738,343740,343741,343742,343743,343744,343745,343746,343747,343748,343749,343750,343751,343752,343753,343754,343755,343756,343757,353833,353834,353835,353836,353837,353838,343758,343223,343224,343225,343226,343227,343228,343229,343230,343231,343232,343233,343234,343235,343236,343237,343238,343239,343240,343241,343242,343243,343244,353827,353828,353829,353830,353831,353832,343245]"
6909,"[343275,343759]","[343275,343276,343277,343280,343278,343279,343291,343759,343760,343761,343765,343762,343763,343764]"
6910,"[343284,343766]","[343284,343285,343286,343290,343287,343288,343289,343766,343767,343768,343772,343769,343770,343771]"
6911,"[343773,343306]","[343773,343774,343775,343779,343776,343777,343778,343306,343307,343308,343312,343309,343310,343311]"
6912,"[297422,297420,297740,297741,309911,309913,309897,298461]","[297422,297420,297740,297741,309911,309889,309890,309891,309892,309913,309893,309894,309895,309896,309897,309898,309899,309900,309901,298461,309885,309886,309887,309888]"
6913,"[343780,297424]","[343780,343781,343782,343783,343784,343785,343786,343787,297424,343364,343365,343366,343367,297425,297742,297426]"
6914,"[343788,297430,343796,345141,343373]","[343788,343789,343790,343791,343792,343793,343794,343795,297430,297431,297432,297744,343369,343370,343371,343372,343796,345141,343373]"
6915,"[343797,297440]","[343797,343798,343799,343800,343801,343802,343803,343804,343805,297440,343377,343378,343379,343375,297441,297748,298040,343376]"
6916,"[343380,394998,343806,394992]","[343380,343381,343382,343383,343384,394998,394999,395000,395001,395002,395003,343806,343807,343808,343809,343810,394992,394993,394994,394995,394996,394997]"
6918,"[343408,343811]","[343408,343409,344933,344934,346173,346174,343410,343412,343413,343414,343415,343811,343812,344935,344936,346172,343814,343813,343815,343816,343817,343818]"
6937,[343999],[343999]
6940,"[343996,395004]","[343996,411661,411629,343998,395004]"
6967,"[298539,298868]","[298539,298540,298541,298542,300081,298589,298776,300082,298836,298631,298544,298545,298777,298778,298779,298780,298781,298782,298837,298783,298868,298869,298870,298871,300083,298872,298873,300084,298874,298879,298880,298881,298882,298883,298884,298885,298886,298887,298888,298889]"
6968,"[298890,298912]","[298890,298891,298892,298893,300085,298894,298895,300086,298896,298897,298898,298899,298900,299778,304514,298901,298902,298903,298904,298905,298906,298907,298908,298909,298910,298911,298912,298913,298914,298915,300087,298916,298917,300088,298918,298919,298920,298921,298922,299779,304515,298923,298924,298925,298926,298927,298928,298929,298930,298931,298932,298933]"
6969,"[298934,298956]","[298934,298935,298936,298937,300089,298938,298939,300090,298940,298941,298942,303340,303697,303937,298945,298946,298947,303337,303339,298948,298949,298950,298951,298952,298953,298954,298955,298956,298957,298958,298959,300091,298960,298961,300092,298962,303341,303342,303343,303698,303898,303344,303345,303346,303347,303348,298970,298971,298972,298973,298974,298975,298976,298977]"
6970,"[298978,299000]","[298978,298979,298980,298981,300093,298982,298983,300094,298984,298985,298986,298987,298988,299782,304516,298989,298990,298991,298992,298993,298994,298995,298996,298997,298998,298999,299000,299001,299002,299003,300095,299004,299005,300096,299006,299007,299008,299009,299010,299783,304517,299011,299012,299013,299014,299015,299016,299017,299018,299019,299020,299021]"
6971,"[299022,299044,303352,303361]","[299022,299023,299024,299025,300097,299026,299027,300098,299028,299029,299030,299031,303349,303350,303351,299032,299784,304518,299033,299034,299035,299036,299037,299038,299039,299040,299041,299042,299043,299044,299045,299046,299047,300099,299048,299049,300100,299050,299051,299052,303357,303358,303359,303360,299054,299785,304519,299055,299056,299057,299058,299059,299060,299061,299062,299063,299064,299065,303352,303353,303354,303355,303356,305220,303361,303362,303363,303364,303365,305219]"
6972,"[303251,303276]","[303251,303252,303253,303254,303255,303256,303257,303258,303259,305258,303260,303261,303262,303263,303264,304520,303265,303266,303267,303268,303269,303270,303271,303272,303273,303274,305259,303276,303277,303278,303279,303280,303281,303282,303283,303284,305260,303285,303286,303287,303288,303289,304521,303290,303291,303292,303293,303294,303295,303296,303297,303298,303299,305261]"
6974,"[299154,299176]","[299154,299155,299156,299157,300109,299158,299159,300110,299160,305276,299165,299166,299167,305228,305225,305229,305230,305231,305232,305227,305226,306362,306076,299168,299169,299170,299171,299172,299173,299174,305277,299176,299177,299178,299179,300111,299180,299181,300112,299182,305278,299187,299188,299189,305240,305241,305242,305243,305244,305245,305246,305247,306363,306077,299190,299191,299192,299193,299194,299195,299196,305279]"
6975,"[299220,299198]","[299220,299221,299222,299223,300115,299224,299225,300116,299226,305282,305238,299232,299233,299231,305352,305239,306013,299234,299235,299236,299237,299238,299239,299240,305283,299198,299199,299200,299201,300113,299202,299203,300114,299204,305280,305234,305235,305236,299209,305351,305237,306012,299212,299213,299214,299215,299216,299217,299218,305281]"
6976,"[299242,299264]","[299242,299243,299244,299245,300117,299246,299247,300118,299248,305284,299249,299250,299251,299252,299794,304524,299253,299254,299255,299256,299257,299258,299259,299260,299261,299262,305285,299264,299265,299266,299267,300119,299268,299269,300120,299270,305286,299271,299272,299273,299274,299795,304525,299275,299276,299277,299278,299279,299280,299281,299282,299283,299284,305287]"
6977,"[299286,299308]","[299286,299287,299288,299289,300121,299290,299291,300123,299292,305288,299293,299294,299295,299296,299796,304526,299297,299298,299299,299300,299301,299302,299303,299304,299305,299306,305289,299308,299309,299310,299311,300124,299312,299313,300126,299314,305290,299315,299316,299317,299318,299797,304527,299319,299320,299321,299322,299323,299324,299325,299326,299327,299328,305291]"
6978,"[299353,299375,303370,303375]","[299353,299354,299355,299356,300127,299357,299358,300129,299359,305292,299360,299361,303366,303367,303368,303369,299363,299798,304528,299364,299365,299366,299367,299368,299369,299370,299371,299372,299373,305293,299375,299376,299377,299378,300130,299379,299380,300132,299381,305294,299382,299383,303938,303939,303940,303941,299385,299799,304529,299386,299387,299388,299389,299390,299391,299392,299393,299394,299395,305295,303370,303371,303372,303373,303374,305327,303375,303376,303377,303378,303379,305328]"
6979,"[299419,299397]","[299419,299420,299421,299422,300136,299423,299424,300138,299425,305298,304241,305139,304242,299430,299431,299432,299433,299434,299435,299436,299437,299438,299439,305299,299397,299398,299399,299400,300133,299401,299402,300135,299403,305296,304235,305138,304240,299408,299409,299410,299411,299412,299413,299414,299415,299416,299417,305297]"
6980,"[299441,299463,303384,303389]","[299441,299442,299443,299444,300139,299445,299446,300141,299447,305300,299448,299449,303380,303381,303382,303383,299451,299802,304530,299452,299453,299454,299455,299456,299457,299458,299459,299460,299461,305301,299463,299464,299465,299466,300142,299467,299468,300144,299469,305302,299470,299471,303394,303395,303396,303397,299473,299803,304531,299474,299475,299476,299477,299478,299479,299480,299481,299482,299483,305303,303384,303385,303386,303387,303388,305329,303389,303390,303391,303392,303393,305330]"
6981,"[298784,299331]","[298784,298785,298786,298787,300145,298788,298789,300147,298813,305304,298790,298791,298792,299330,299804,304532,298793,298794,298795,298796,298797,298798,298799,298800,298801,298814,305305,299331,299332,299333,299334,300148,299335,299336,300150,299337,305306,299338,299339,299340,299341,299805,304533,299342,299343,299344,299345,299346,299347,299348,299349,299350,299351,305307]"
7066,"[307464,307467,308835,308838,311652,311650]","[307464,307467,308835,308836,308838,308839,311652,311656,307470,308840,311657,311653,311658,311650,311659,311660,311661,311662,311663,311664]"
7067,"[307478,307481,307479,307482,308191,308192,308867,308870,308949,308950]","[307478,307481,307479,307482,308191,308192,308867,308868,308869,308870,308871,308872,308949,308950]"
7068,"[307497,307499,307500,307498,308873,308882]","[307497,307499,307500,307498,308873,308874,308875,308882,308883,308884]"
7069,"[308570,308576,308876,308879]","[308570,308571,308572,308573,308574,308575,308582,307501,308583,308576,308577,308578,308579,308580,308581,308584,307504,308585,308876,308877,308878,308879,308880,308881]"
7070,"[307506,307514,307521,307513]","[307506,307507,307508,308547,308548,308549,308550,307509,307510,308551,308552,308553,308554,307511,307512,308555,308556,308557,308558,307514,307515,307516,308543,308544,308545,308546,307517,307518,308539,308540,308541,308542,307519,307520,308535,308536,308537,308538,307521,307513]"
7071,"[330081,330080,308885,308888]","[330081,307524,307525,330080,307522,307523,308885,308886,308887,308888,308889,308890]"
7073,"[308565,308559,308897,308901]","[308565,412855,412856,412857,412858,308559,308806,308563,308561,308562,308897,308898,308899,308900,308901,308902,308903,308904]"
7074,"[307554,307560,308905,308908]","[307554,307555,308588,307560,307561,308589,308905,308906,308907,308908,308909,308910]"
7075,"[330029,330030,308911,308914]","[330029,330013,307569,307570,308427,330012,307571,307577,309019,330030,330015,307573,307574,308428,330014,307575,307578,309020,308911,308912,308913,308914,308915,308916]"
7076,"[307579,307582]","[307579,307580,308917,308918,307581,313005,311720,311654,308919,307582,307583,308920,308921,307584,313006,311721,311655,308922]"
7077,"[308927,308924,307585,307589,308923,308926]","[308927,308924,307585,307586,307587,307588,307589,307590,307591,307592,308923,308925,308926,308928]"
7078,"[308929,413732,413711,413734]","[308929,308930,413732,413733,413711,413712,307594,413728,413729,307597,307598,308931,413718,413730,413731,413724,413726,413734,413735,413736,413737,413738,413739,413740,413741,413742,413743,413744,413745,413746]"
7079,"[307627,307621,308808,308813,308935,308938]","[307627,307621,308808,308809,308810,308811,308812,308813,308814,308815,308816,308817,308935,308936,308937,308938,308939,308940]"
7080,"[308941,308944,307637,307633]","[308941,308942,308944,308945,307637,307638,307639,308946,307633,307634,307635,308943]"
7187,"[349668,349669,349672]","[349668,349669,349670,349671,349672,349673,349674]"
7195,[314321],"[314321,314330,314322,314328,314329]"
7307,"[325963,326600,325966,326603,326193,326606]","[325963,325964,325965,327667,326600,326601,326602,327668,325966,325967,325968,326603,326604,326605,326193,325970,325969,326606,326608,326607]"
7308,"[326609,325979,325981,326612]","[326609,326610,326611,325979,325980,325986,325981,325982,325984,325987,325988,326612,326613,326614,326615,326616]"
7309,"[325989,326617,326621,325992]","[325989,325990,325991,326568,326617,326618,326619,326620,326621,326622,326623,326624,326625,326626,326627,325992,325993,325994,325995,325996,326569,326570]"
7310,"[325998,326628,326001,326633]","[325998,326006,325999,326007,326008,327672,326628,326629,326630,326631,326632,327673,326001,326020,326012,326013,326014,326015,326021,326016,326017,326018,326019,326633,326634,326635,326636,326637,326638,326639,326640,326641,326642,326643]"
7311,"[326038,326644,326027,326645]","[326038,327992,327756,326644,327995,327757,326027,327993,327994,326040,326039,326041,326645,327996,327997,326646,326647,326648]"
7312,"[326043,326649,326653,326045]","[326043,326342,326044,326049,327674,326649,326650,326651,326652,327675,326653,326654,326655,326656,327704,327705,326658,326659,326660,327708,327709,327611,326045,326051,326343,326344,327701,327703,326055,326346,326347,327706,327707,326345]"
7313,"[326059,326662,326667,326063,327197,327198]","[326059,326060,326072,326073,326074,326662,326663,326664,326665,326666,326667,326668,326669,326670,326671,326672,326673,326674,326675,326676,326677,326063,326064,326065,326075,326076,326077,326068,326069,326078,326079,326080,327197,327198]"
7314,"[326082,326678,326086,326679,327669,327670]","[326082,326678,326086,326088,326093,326679,326680,326681,327669,327670]"
7315,"[326098,326682,326099,326683,326102,326686]","[326098,326682,326099,326100,326101,326683,326684,326685,326102,326686]"
7316,"[326105,326687,326688,326107]","[326105,327998,327758,326687,328001,327759,326688,326689,326690,328002,326691,326692,326693,328003,326694,326107,326112,326111,327999,326108,326113,326115,328000,326114]"
7317,"[326116,326695,326698,326119]","[326116,326123,326117,327676,326695,326697,326696,327677,326698,326699,326701,326700,326702,326704,326703,326119,326126,326125,326124,326127,326129,326128]"
7318,"[326130,326705,326708,326133]","[326130,326140,326131,326705,326706,326707,326708,326709,326710,326711,326712,326713,326714,326715,326716,326133,326134,326142,326143,326144,326137,326145,326146,326147]"
7319,"[326148,327135,326151,327141]","[326148,326599,326521,326149,328504,326162,326150,327678,327135,327136,327137,327138,328505,327139,327140,327679,326151,328280,326163,326164,326165,326168,327141,328279,327142,327143,327144,327145]"
7320,"[326169,326728,326172,326731]","[326169,326171,326170,326728,326729,326730,326172,326173,326176,326181,327199,326177,326180,326182,327200,326731,326732,326733,326734,327201,326735,326736,326737,327202]"
7321,"[327752,327765,327787,327788,327812,327811]","[327752,328104,328089,328088,328105,328086,327742,327743,327753,327765,328116,328117,328118,328119,328120,328121,328122,328123,327787,326186,326465,328023,328024,326747,326191,327762,326184,328025,327788,327772,327773,328026,328027,327774,327775,327770,327771,328028,327812,327811]"
