snapshot,source_ref,level,deterministic_budget,repeat,status,objective,best_bound,actual_deterministic_time
before,e4cb857c,110,30.0,0,FEASIBLE,1166175,2294025,30.0001
before,e4cb857c,110,120.0,0,FEASIBLE,1425690,2281980,120.0
before,e4cb857c,110,30.0,1,FEASIBLE,1166175,2294025,30.0001
before,e4cb857c,110,120.0,1,FEASIBLE,1425690,2281980,120.0
before,e4cb857c,110,30.0,2,FEASIBLE,1166175,2294025,30.0001
before,e4cb857c,110,120.0,2,FEASIBLE,1425690,2281980,120.0
before,e4cb857c,245,30.0,0,FEASIBLE,5540250,28212360,30.0
before,e4cb857c,245,120.0,0,FEASIBLE,15367120,27609360,120.002
before,e4cb857c,245,30.0,1,FEASIBLE,5540250,28212360,30.0
before,e4cb857c,245,120.0,1,FEASIBLE,15367120,27609360,120.002
before,e4cb857c,245,30.0,2,FEASIBLE,5540250,28212360,30.0
before,e4cb857c,245,120.0,2,FEASIBLE,15367120,27609360,120.002
after,e4cb857c+v53,110,30.0,0,FEASIBLE,1045725,3274050,30.0001
after,e4cb857c+v53,110,120.0,0,FEASIBLE,1277865,3018915,120.0
after,e4cb857c+v53,110,30.0,1,FEASIBLE,1045725,3274050,30.0001
after,e4cb857c+v53,110,120.0,1,FEASIBLE,1277865,3018915,120.0
after,e4cb857c+v53,110,30.0,2,FEASIBLE,1045725,3274050,30.0001
after,e4cb857c+v53,110,120.0,2,FEASIBLE,1277865,3018915,120.0
after,e4cb857c+v53,245,30.0,0,FEASIBLE,8037000,33285600,30.0043
after,e4cb857c+v53,245,120.0,0,FEASIBLE,12528125,33282920,120.0
after,e4cb857c+v53,245,30.0,1,FEASIBLE,8037000,33285600,30.0043
after,e4cb857c+v53,245,120.0,1,FEASIBLE,12528125,33282920,120.0
after,e4cb857c+v53,245,30.0,2,FEASIBLE,8037000,33285600,30.0043
after,e4cb857c+v53,245,120.0,2,FEASIBLE,12528125,33282920,120.0
